bags,of,stuff
shirts,in,fight
blood,in,mouth
filled,from,ceiling
spying,on,me
dragon,in,sky
pairs,of,socks
lie,with,beers
evicted,from,club
getting,into,offices
talk,about,club
sat,in,palm
standing,in,center
problem,for,me
puts,into,box
was,after,midnight
ice,on,wings
filled,in,room
enemy,of,ORG
going,to,dump
sort,of,story
sleep,for,time
waits,for,DATE
back,in,hotel
place,at,head
revolution,against,culture
noise,at,club
cars,behind,you
men,per,fight
keep,with,me
hugging,with,arms
wake,at,PERSON
luggage,at,GPE
rest,of,evening
was,among,them
any,of,books
feel,like,CARDINAL
kid,in,center
list,of,bars
is,at,door
work,for,it
look,at,boss
went,to,weekend
light,in,center
find,on,list
is,on,desk
went,to,sleep
have,in,freezer
working,in,jobs
is,in,basement
comer,of,kitchen
end,of,hall
flash,in,face
power,of,spirit
run,with,projectors
destruction,of,civilization
stop,between,floors
hear,on,porch
back,to,pain
falling,on,crowd
center,of,room
order,for,bars
walk,in,garden
friends,of,friends
rule,about,group
was,at,club
go,with,confession
lot,of,salt
matter,as,everyone
is,on,TIME
flying,into,turbines
left,between,bottles
g,at,FAC
remember,after,fight
pressed,against,temple
pairs,of,pants
person,in,park
put,in,freezer
look,in,fridge
was,on,plane
paintings,before,explosion
gone,about,insomnia
desk,in,foyer
woke,on,TIME
sense,of,life
meals,on,brings
rang,in,house
ready,for,prayer
are,in,world
been,for,while
standing,around,light
center,of,eye
people,on,beach
more,than,anything
die,at,moment
talked,behind,back
pub,near,castle
known,as,hotel
go,to,college
called,after,college
woke,on,way
few,of,monkeys
meets,in,garage
come,after,work
drunk,in,bar
go,after,work
made,from,paper
standing,on,porch
lies,on,bed
sleeping,with,marla
go,on,TIME
is,in,house
canister,of,lye
feels,inside,someone
talked,about,caves
looking,at,me
nodes,under,arm
get,in,order
floor,of,building
end,of,civilization
look,from,roof
fill,with,tallow
lives,on,meals
thinking,about,lunch
is,on,DATE
look,in,freezer
more,than,cost
eating,in,house
was,in,group
part,for,mayhem
part,of,evolution
being,at,party
look,at,hand
tell,on,me
said,at,ORG
sleep,in,car
have,on,stairs
dress,with,roses
hands,at,sides
game,on,tv
run,with,candles
runs,to,ORG
nothing,except,tears
palm,of,perfection
do,about,it
dots,in,comer
waiting,for,something
friends,with,PERSON
fight,at,club
each,of,us
stands,at,door
needed,after,fight
puts,on,desk
go,for,that
go,to,prison
prayed,for,bolts
somewhere,in,floors
candles,on,cake
guy,in,club
back,to,ORG
feel,with,tongue
comes,in,kitchen
out,of,court
die,on,trip
middle,of,everything
fell,against,car
forest,around,FAC
group,of,men
broken,to,pieces
looks,at,hand
see,at,end
fat,of,own
marla,on,LOC
rule,in,ORG
be,in,TIME
crowd,of,men
lying,in,lot
tampon,in,bathroom
fight,with,other
are,like,sunrise
broke,into,offices
groups,with,marla
come,with,insomnia
members,of,ORG
out,of,thighs
floor,of,rise
seating,in,seats
have,without,death
runs,after,me
good,about,myself
find,in,GPE
TIME,from,CARDINAL
kept,in,booth
cost,of,settlement
look,at,stars
drops,on,line
center,except,men
talk,behind,back
keep,until,rises
hear,at,moment
lock,on,door
sleeping,with,her
give,after,work
sell,at,MONEY
everything,in,room
place,in,history
coming,at,us
PERSON,on,porch
up,on,top
is,with,soup
am,against,exploitation
resurrected,after,disaster
questions,about,PERSON
night,in,club
staring,at,you
teach,in,project
body,of,husband
back,to,floor
mops,around,me
DATE,without,sleep
sent,for,reason
rakes,behind,himself
bits,of,paper
crawl,across,carpet
greater,than,cost
whispering,in,ear
parked,at,curb
get,off,bus
go,to,sleep
burned,into,back
pairs,of,trousers
manager,of,ORG
house,in,part
lost,in,crowd
grab,with,hands
teams,of,ORG
told,in,secret
blow,with,soap
filled,to,floor
did,to,myself
say,to,crowd
coming,from,windows
copy,at,work
driving,through,space
did,with,crucifixion
most,of,you
guy,on,ORG
experience,of,death
happens,in,most
drawn,in,sand
guys,on,ORG
CARDINAL,of,monkeys
ORG,in,house
look,at,him
hang,on,door
testing,on,animals
tragedy,of,life
be,at,moment
number,of,newspaper
CARDINAL,of,teeth
hanging,from,ceiling
takes,off,bowls
had,for,TIME
shines,on,back
wake,in,bed
continues,without,me
sitting,on,floor
waiting,at,night
believe,in,me
swerves,into,path
do,about,boss
shadow,of,logs
meets,on,TIME
out,of,windows
talk,about,everything
fall,like,tree
couples,around,us
next,to,desk
brings,for,neighbors
everything,about,club
run,toward,stairs
was,in,mood
up,to,freezer
floors,under,us
looks,to,god
remember,for,reason
windows,on,floor
floors,of,FAC
last,in,body
DATE,until,TIME
followed,to,ORG
waiting,for,turn
reading,to,monkeys
look,for,some
calls,on,phone
stand,with,mouth
reach,in,picture
CARDINAL,of,bottles
rang,on,FAC
thanks,for,sharing
looked,in,freezer
die,in,second
hate,in,life
king,of,kings
see,in,pairs
burning,on,hand
smell,of,smoke
football,on,television
found,with,CARDINAL
prepare,for,review
lot,of,pornography
CARDINAL,on,projector
arrive,with,minimum
holds,in,place
shaped,like,GPE
moment,of,perfection
faces,with,noses
is,on,carpet
bums,into,back
list,of,notes
out,of,ourselves
falls,from,floors
started,in,house
sent,towards,jaw
comes,in,FAC
out,of,it
knows,about,you
names,in,club
out,of,bed
said,after,introductions
CARDINAL,by,one
next,to,body
walter,from,ORG
saw,since,TIME
looking,at,teeth
talk,to,someone
waiting,for,you
drips,over,room
nobody,in,audience
one,with,knife
was,on,telephone
spread,into,column
tell,on,you
center,of,club
barrel,of,gun
stands,like,soldier
talk,about,plants
wink,at,me
lots,of,people
philosophy,of,life
grab,after,introductions
scar,on,cheek
dash,for,window
look,behind,desk
cry,at,group
rid,of,her
talked,to,people
turns,in,seat
look,at,lights
back,to,people
met,from,TIME
look,at,cars
left,in,bedroom
coming,toward,us
leaving,for,work
clean,after,everyone
work,in,home
wake,at,FAC
worked,with,CARDINAL
back,to,way
path,of,truck
go,into,books
go,to,school
flash,of,machine
are,in,mouth
sitting,outside,door
running,toward,disaster
taught,in,scouts
relax,with,breath
took,from,me
lose,except,club
feeling,at,time
guys,with,heads
had,in,wallet
middle,of,chest
shaped,with,GPE
like,at,gym
out,of,ideas
look,into,stars
watches,from,upstairs
guy,with,face
waiting,in,lot
team,of,clerks
tells,in,taxi
TIME,until,seven
heard,of,it
center,of,world
from,between,tits
part,of,description
holds,for,TIME
see,at,time
walk,at,moment
crying,against,neck
TIME,in,basement
gave,at,groups
ORG,in,basement
out,of,mouth
dead,on,floor
waiting,in,lobby
called,at,work
choose,for,fight
falls,on,skin
shakes,under,nose
watches,in,fridge
standing,around,us
front,of,ORG
drops,to,CARDINAL
meals,on,wheels
prayed,for,crash
mix,with,nitrate
next,to,bed
everyone,in,street
knows,except,PERSON
went,with,tyler
were,after,that
added,after,that
put,on,stove
guys,like,mechanic
waiting,at,gate
messes,with,PERSON
MONEY,in,cash
waiter,at,hotel
someone,near,us
out,of,room
lives,in,g
throw,against,wall
showing,to,ORG
have,without,sacrifice
people,in,group
happen,in,words
out,of,bowls
swinging,on,ropes
have,in,TIME
appears,on,top
expect,from,perfection
each,of,doors
side,of,building
do,to,food
somebody,with,nose
bathroom,in,house
away,from,chest
goes,to,dump
read,about,man
looks,in,mirror
stay,until,DATE
run,down,stairs
takes,in,cart
talk,to,her
top,in,mouth
club,in,GPE
cry,at,parasites
open,with,conditioning
guys,with,eyes
rubbing,between,fingers
live,at,FAC
walk,to,lot
out,of,job
standing,around,her
multiply,by,probability
waiting,for,me
look,for,dots
puts,in,fridge
tornado,in,head
turn,into,missile
out,of,me
falls,on,car
go,after,lunch
gets,onto,skirt
sitting,to,krissy
arrive,with,following
piece,of,paper
meeting,in,basement
side,of,room
then,in,DATE
is,on,top
wake,at,seatac
waiting,on,porch
be,in,ORG
commit,to,anything
see,from,back
bottle,of,vodka
were,after,this
pick,from,roses
barrel,in,cheek
pissing,in,trousers
is,in,front
standing,in,dark
get,into,car
says,in,car
less,than,cost
seal,with,label
here,before,TIME
is,about,money
is,since,club
access,to,dynamite
told,in,TIME
cuts,on,cheek
put,into,reel
talk,about,breasts
licenses,of,sacrifices
says,in,thing
everything,in,heaven
guys,with,stitches
lead,in,meditation
cross,for,hug
want,from,me
check,on,you
find,in,career
asks,before,presentation
middle,of,seat
have,without,PERSON
closes,on,TIME
palace,of,doors
turns,on,shower
are,with,gun
look,at,hair
guys,on,bus
stare,at,scar
met,at,desk
according,to,guy
heard,of,him
full,of,monkeys
miles,of,night
seen,on,tv
out,of,side
around,in,basement
smiling,at,me
any,of,it
back,to,kitchen
rent,in,club
want,after,fight
soft,like,loaf
beat,with,broom
broke,between,floors
take,in,sort
hugged,in,men
part,of,town
had,after,DATE
tallow,in,water
be,with,ORG
brings,to,desk
driving,into,fountain
monkey,in,seat
pressed,to,temple
compressor,of,refrigerator
probability,of,failure
better,than,indifference
are,in,room
was,for,moment
team,of,men
pair,of,trousers
wake,in,time
working,as,waiter
has,on,it
is,about,PERSON
says,about,it
saving,for,injection
needed,on,cuts
moment,in,DATE
kitchen,behind,wife
destroying,with,bats
have,at,hotel
called,from,ORG
drew,with,stick
group,for,parasites
sleep,with,her
DATE,of,you
looking,for,father
says,with,barrel
sits,in,comer
signed,with,name
pairs,of,eyes
comes,with,canister
took,to,GPE
shining,through,curtains
is,in,meditation
mixture,of,lye
is,on,screen
got,to,oblivion
sofa,with,covers
broke,with,head
lives,in,room
was,at,breakfast
crowd,of,people
look,at,me
chose,for,fight
admission,to,training
skyscrapers,with,faces
sixtieth,of,second
pick,to,you
useless,to,me
put,in,camps
get,in,politics
ORG,on,DATE
page,of,newspaper
flashing,in,face
leave,on,porch
fall,at,desk
fight,in,public
yells,over,phone
prepared,for,this
pointed,to,head
day,of,life
time,with,us
forget,about,thing
coming,down,street
picture,of,mom
are,at,edge
photo,at,contest
waste,with,games
lump,on,breast
made,above,river
frame,in,movie
start,with,boss
out,of,pocket
happened,to,guy
have,in,case
meet,for,time
see,with,face
coming,for,DATE
everyone,except,me
each,of,you
looks,in,seat
hole,in,side
out,of,lost
monkeys,in,seat
gun,in,mouth
be,with,him
disappearing,into,crowd
think,with,pension
take,to,room
anything,about,fund
looks,in,picture
down,to,sidewalk
went,to,cancer
talked,about,me
out,of,darkness
chain,of,houses
mess,with,us
tie,to,PERSON
men,of,ORG
is,about,marla
look,into,fridge
prepare,in,CARDINAL
sleep,with,you
send,to,theater
is,like,family
drips,through,house
floor,of,ORG
here,from,beginning
print,on,floor
people,from,groups
set,in,basement
blast,of,gas
hand,on,door
time,for,vacation
explained,to,me
piece,at,time
talked,about,paper
back,of,hand
falls,in,lye
back,into,school
below,on,street
clubs,over,country
tell,about,ORG
photo,of,ORG
stop,by,church
grab,around,ankle
walk,in,dark
squeezes,from,bag
compared,to,ORG
detective,on,phone
go,to,place
sleeping,in,teams
played,in,order
goes,for,clothes
called,at,night
away,from,me
CARDINAL,of,animals
back,into,traffic
star,in,sky
guy,with,teeth
get,into,fight
comes,at,us
stories,above,lot
mirror,in,bathroom
garage,across,town
call,from,room
from,under,arm
looks,at,himself
falling,into,crowd
live,on,instruments
smiled,with,gun
go,to,newspapers
next,to,me
head,of,table
take,with,hand
sat,against,wall
been,to,bar
model,for,god
tables,in,restaurant
everyone,in,committee
watching,on,television
traveling,at,QUANTITY
trapped,in,nest
shape,of,kiss
looks,with,hands
lot,of,people
out,of,wood
lawn,around,house
taught,in,ORG
works,for,cancer
package,on,table
group,of,monkeys
get,into,what
be,in,clubs
kicked,in,stomach
can,of,lye
come,for,parties
drive,around,you
are,on,top
print,of,face
comes,from,darkness
met,for,DATE
nobody,at,work
watching,for,rest
ORG,at,home
is,in,shape
working,for,DATE
bumper,of,car
suicide,at,FAC
equipped,with,items
part,of,it
symptom,of,something
move,to,something
responsible,for,it
falls,in,basement
control,of,hand
meetings,for,ORG
gone,to,doctor
walk,to,club
slept,with,you
smell,on,hands
went,to,group
rest,of,night
lying,on,backs
number,of,vehicles
sat,in,shadow
center,of,basement
has,in,addition
skin,on,face
guys,on,street
seemed,at,time
according,to,mechanic
back,to,doctor
going,to,gym
takes,to,GPE
die,in,fight
piece,of,crap
put,in,blood
hit,at,club
take,between,fingers
night,with,ORG
front,of,us
CARDINAL,of,bags
think,of,part
handle,in,world
came,to,house
upstairs,in,bedroom
sitting,in,seat
rented,on,FAC
front,of,fridge
people,with,cancer
divide,into,parts
home,from,airport
met,at,ORG
sat,for,TIME
knew,for,DATE
pressed,against,chest
wanted,in,face
have,in,GPE
walk,through,garden
people,on,card
committed,as,part
are,around,me
neutral,for,her
throws,for,idea
are,in,pocket
live,with,tyler
kiss,from,kiss
friendships,with,people
see,at,tables
gather,to,g
goes,to,gyms
twisted,around,me
part,of,protest
looking,for,me
difference,between,you
slave,to,ORG
rising,in,carpet
took,on,bucks
sits,on,floor
fly,with,stars
away,from,members
go,to,floor
shouted,in,lot
many,of,guys
paid,for,anything
inside,of,him
live,for,DATE
painted,with,face
bags,of,fat
rule,in,FAC
fought,at,club
lack,of,surprise
fighting,for,masks
turned,for,TIME
nags,with,questions
mixed,with,paraffin
CARDINAL,of,you
ran,around,house
think,of,pain
byproduct,of,creation
go,to,funerals
go,to,work
was,for,you
go,to,group
club,in,basement
was,on,hand
crowd,around,building
write,in,heaven
meets,on,DATE
stop,on,night
fly,to,ORG
got,in,bank
made,at,meeting
locks,behind,me
sticky,with,blood
floors,over,city
found,in,bathroom
out,of,boss
nobody,except,PERSON
poured,around,tree
look,from,window
seats,of,car
rules,with,PERSON
piece,of,furniture
is,in,mouth
was,in,newspapers
look,at,myself
fix,in,roof
be,in,DATE
coordinator,in,shirt
died,from,lack
goes,out,door
fill,with,explosive
happening,on,FAC
cry,at,ORDINAL
QUANTITY,of,collagen
talking,about,what
trash,of,world
treat,at,dinner
sat,at,desk
end,of,bumper
run,during,DATE
shadow,of,hand
making,for,time
names,on,list
meeting,under,light
PERSON,at,above
wealth,of,world
looking,at,star
listening,over,shoulder
called,about,visit
has,by,time
go,to,room
ride,to,end
prepare,for,breath
fight,at,time
put,into,cartons
shines,through,mouth
burning,at,end
take,of,tyler
crying,during,time
QUANTITY,per,QUANTITY
shouted,around,us
walked,to,dealer
rules,in,machine
is,behind,each
bring,to,meeting
contribution,to,success
put,in,theaters
comes,into,kitchen
envied,with,cancer
frames,from,movie
motel,in,GPE
look,in,bathroom
put,on,table
proposed,on,TIME
look,at,people
nod,to,other
check,around,seats
back,of,bus
living,for,DATE
told,about,club
back,into,room
imagine,on,course
easier,with,soup
smells,like,coffee
everybody,on,mayhem
darkness,of,basement
passed,toward,door
floats,in,ocean
sitting,in,office
lot,of,questions
see,in,meditation
kind,of,cancer
fall,to,floor
put,to,head
responsible,for,marla
run,to,lobby
hammer,under,light
say,with,barrel
made,of,heroes
fight,with,me
went,to,beach
lack,of,sleep
better,than,meal
scar,of,kiss
looking,around,meeting
gather,at,door
noses,above,eye
rules,of,club
was,for,TIME
fighters,for,ORG
rule,about,PERSON
sitting,from,GPE
wake,at,beach
house,on,FAC
out,of,gun
move,with,him
dead,in,ground
stay,after,fight
rule,of,ORG
light,in,middle
were,for,time
shows,to,me
pissed,into,CARDINAL
mix,with,acid
bars,of,soap
back,into,path
do,in,world
leans,to,side
end,of,stops
was,in,GPE
talked,about,garden
was,in,bedroom
stare,on,cheek
shouts,to,police
was,after,money
burning,with,lye
PERSON,from,ORG
CARDINAL,in,ten
door,to,room
back,in,school
sat,for,minute
somewhere,at,front
hanging,on,wall
swerves,in,time
looks,beside,him
move,around,plate
worse,than,bum
less,than,nothing
office,with,guards
forgive,for,this
lot,in,it
leave,for,work
flying,on,plane
sit,in,bathroom
stand,beside,GPE
talk,about,it
everywhere,at,night
kind,of,collagen
tunnels,of,cave
walked,into,DATE
exploitation,in,industry
seal,with,wax
mention,to,her
sleep,with,someone
need,in,life
hit,against,wheel
top,of,tallow
out,of,CARDINAL
told,at,destination
meet,with,representative
top,of,head
is,in,any
died,at,TIME
know,about,tyler
put,in,beds
falls,toward,rocks
run,around,us
projectors,in,booth
waits,at,door
come,to,this
destroying,for,DATE
are,on,way
take,of,durden
reach,toward,masks
knelt,on,floor
is,about,words
sat,with,hair
lived,in,basement
tears,of,PERSON
walked,from,clinic
floor,of,condo
rising,from,fires
stopped,between,kitchen
know,about,it
are,on,roof
close,to,death
CARDINAL,of,reels
marla,in,dress
connected,with,neck
door,to,office
added,to,them
end,of,line
jammed,into,floor
be,in,danger
door,of,room
loaf,of,bread
barrel,in,mouth
hangs,on,wall
lot,of,friends
center,of,light
load,of,fat
melt,at,moment
rule,of,club
floors,between,me
walked,to,PERSON
moment,of,life
say,in,office
top,of,building
grains,of,sand
reading,in,kitchen
talk,about,me
pour,between,lips
something,in,ORG
were,from,club
fell,on,beach
know,about,club
puts,against,neck
is,for,sixtieth
mechanic,at,club
walking,toward,me
go,on,strike
drew,in,sand
prayed,for,bird
bored,with,job
planned,after,work
yells,in,center
cake,with,candles
take,to,GPE
condo,on,floor
hand,in,hand
parked,in,lot
none,of,business
better,than,marla
was,in,one
mess,with,me
sat,on,floor
out,of,car
get,into,club
looking,like,twins
nails,in,rust
living,in,GPE
out,of,life
lying,in,room
pick,at,FAC
case,against,me
talked,to,who
turns,to,side
visit,to,room
fill,with,water
listen,to,body
most,of,them
exists,in,TIME
fight,in,club
street,outside,rise
was,by,way
zones,behind,me
goal,of,ORG
man,with,woman
lies,in,middle
asks,about,plants
none,of,this
touch,in,freezer
smelled,on,hands
find,on,ground
goes,into,office
nothing,on,it
winning,for,time
put,around,testicles
see,outside,window
worked,as,projectionist
standing,with,package
did,with,mother
looks,at,rules
lye,on,hand
sitting,between,me
light,inside,car
thank,with,blood
lives,on,floor
fight,without,shirts
rolling,along,barrel
work,for,this
ball,of,light
go,to,club
shift,as,waiter
do,with,people
walked,in,bar
part,of,homework
piece,of,history
exploitation,of,workers
sleep,in,heaven
staring,with,eye
slaps,across,face
charm,of,traveling
bum,through,pan
save,from,furniture
children,of,history
working,for,money
stuff,in,package
passed,from,hand
energy,of,monkeys
full,of,information
thighs,in,GPE
said,about,job
class,of,men
office,at,moment
rolling,down,barrel
get,to,ORG
middle,of,people
come,for,party
was,in,end
go,in,bar
terrorists,of,industry
rise,to,surface
out,of,building
monkeys,in,ORG
crawling,on,floor
falling,in,forest
bars,before,DATE
kind,of,power
guy,on,porch
prepare,for,death
waiter,at,CARDINAL
wake,at,GPE
people,around,them
dishes,with,bubbles
taste,in,mouth
were,at,time
stand,around,us
puts,in,trash
time,for,number
know,about,people
went,to,clinic
castle,in,GPE
handsome,like,angel
is,about,love
seven,on,TIME
think,as,rejection
went,for,swim
alive,at,club
was,at,night
basement,of,church
see,in,starlight
plates,with,car
standing,around,me
coming,toward,me
room,at,FAC
reel,of,film
comes,to,table
step,to,life
lie,on,seats
be,off,highway
everyone,in,club
box,of,chocolates
hair,in,dress
went,to,college
tell,in,car
wakes,in,dark
turn,on,lights
sitting,in,dark
sat,on,it
control,of,world
ruins,of,FAC
paint,with,brains
group,in,basement
sleeping,in,car
move,with,tongue
everybody,in,mayhem
go,to,clubs
is,about,property
be,without,scar
think,of,this
pushing,into,mouth
burned,with,lye
be,like,grains
happen,after,that
sleep,on,TIME
mix,with,litter
study,on,plane
CARDINAL,of,perfumes
pushing,after,that
slept,in,DATE
walked,into,hotel
anybody,except,guy
pairs,of,underwear
full,of,widows
photo,of,himself
hit,in,middle
asking,about,police
evacuate,in,DATE
are,like,tornado
tables,at,hotel
put,in,water
upstairs,at,table
go,to,airport
was,in,pocket
said,at,job
mixed,with,concentrate
copies,of,rules
fell,into,river
surrounded,with,energy
ask,about,club
dying,in,way
go,to,restaurant
most,of,clubs
have,in,DATE
are,around,us
talk,with,gun
looking,at,note
waiting,around,midnight
was,in,ORG
scar,from,kiss
come,with,bags
pour,over,hand
sleep,in,basement
comes,from,seat
forgive,for,collagen
pressed,against,ear
ride,from,office
comes,from,gap
one,of,bags
policy,about,luggage
run,from,improvement
lot,of,pills
was,until,place
moved,to,basements
go,from,airport
out,of,chair
standing,between,building
garden,of,serenity
pissed,in,perfume
meet,at,bar
according,to,plan
lot,of,beer
called,on,telephone
pocket,of,jeans
sitting,in,palm
paid,for,attention
lifted,toward,light
falls,to,floor
enough,of,life
waiting,in,middle
stay,at,club
go,from,office
clerk,at,regent
fires,around,us
put,on,list
lost,inside,hug
came,on,TIME
was,with,insomnia
die,without,scars
sort,of,thing
part,of,ORG
forget,about,club
asking,about,club
gets,in,middle
look,at,god
some,of,it
out,of,dryers
basil,at,time
more,from,you
hot,from,sun
count,to,CARDINAL
go,to,meetings
writes,to,me
worry,about,it
sitting,in,bathroom
hear,in,room
part,of,club
made,in,history
generation,of,men
crying,in,arms
smiles,before,presentation
laughed,at,office
part,of,me
want,at,bar
tells,at,hospital
looks,at,me
play,for,DATE
stars,in,sky
waiting,for,bus
has,from,club
listening,to,people
PERSON,in,GPE
guys,at,bar
is,with,insomnia
making,with,smell
treated,with,substance
shoot,on,planet
become,in,death
top,with,gun
met,on,beach
eating,with,tyler
grabs,behind,me
night,at,club
stuff,at,home
holding,in,mouth
teams,of,men
go,to,bed
ending,at,time
contrast,to,it
woke,for,connection
standing,with,marla
mix,with,lye
kisses,with,lips
problem,with,police
sends,because,blood
had,at,MONEY
mixed,with,nitro
crying,without,hope
becomes,after,night
sitting,at,ORG
think,about,god
made,on,hill
brought,with,them
continues,in,cities
building,in,world
told,without,suitcase
turns,to,monkeys
top,of,ORG
drive,to,house
better,than,life
disappear,for,DATE
anything,in,world
hiding,in,room
one,after,another
make,on,TIME
serve,to,someone
stands,with,smile
looks,like,pumpkin
sucked,at,MONEY
whispers,into,ear
imagined,as,ball
stay,for,rest
go,to,bar
find,in,case
come,in,return
set,with,reel
appeared,in,newspapers
begin,in,CARDINAL
drill,in,light
is,behind,us
been,around,time
move,into,cheek
TIME,of,club
roll,into,ball
proposals,at,meeting
get,after,TIME
working,on,nights
all,of,them
come,to,hotel
stand,near,marla
says,on,floor
here,in,GPE
think,of,it
thighs,in,world
written,on,bits
thing,on,wipers
loyal,to,ORG
knocks,on,door
matters,at,moment
time,at,club
people,in,world
listen,to,me
saying,at,work
more,than,gold
is,in,mouths
push,in,TIME
grab,after,ball
walk,into,room
evict,in,one
throw,into,trashcan
kept,in,airport
swerves,into,lane
rid,of,GPE
rose,to,ceiling
games,on,computer
guys,in,seat
desk,with,hands
looking,at,manager
out,of,body
outside,in,lot
desk,at,work
nothing,in,world
are,to,people
reflected,in,pairs
stuffed,into,pocket
smiles,at,you
nothing,like,that
next,to,it
end,of,reel
assignment,from,DATE
circle,of,logs
piece,of,trash
was,on,TIME
back,to,LOC
part,of,legend
fight,with,nothing
do,with,employee
deaf,on,stage
dump,into,ocean
hunting,around,ruins
someone,on,street
had,at,bar
walk,through,forest
lamps,in,flames
lying,in,bed
telling,upon,arrival
trash,to,you
prayed,for,ice
fat,of,land
fall,for,DATE
finish,at,market
read,in,newspapers
representative,at,gate
wake,on,floor
screaming,behind,me
TIME,in,park
be,in,crowd
middle,of,truth
looking,for,it
out,of,door
goes,to,ORG
walked,to,him
stuff,in,fridge
look,for,talent
get,into,DATE
meets,at,garage
full,of,men
are,in,seat
all,of,this
drops,in,sink
mess,with,club
commit,to,thing
get,with,salt
blood,on,lips
office,with,gun
guy,from,fight
was,in,bag
standing,in,club
finds,in,machine
paid,with,collagen
send,for,reason
set,at,center
out,of,frames
compared,to,this
am,in,club
writing,for,recall
reels,of,film
be,in,school
run,through,neighborhood
talk,to,manager
cake,with,lighter
driving,on,highway
fight,for,time
burning,into,fountain
out,of,accountant
meet,in,basement
wake,on,TIME
squeezes,into,water
everything,except,PERSON
introduced,at,introductions
evicted,after,requests
change,at,ORDINAL
reflects,at,moment
get,from,drivers
top,of,me
guy,at,desk
scar,on,back
sleeping,with,PERSON
sat,after,while
live,at,benning
picture,on,page
changed,in,booth
boil,for,dye
reel,on,projector
waits,without,food
swinging,at,TIME
sitting,with,blood
dried,on,pants
go,at,night
looks,at,him
live,for,example
pay,with,cash
evacuate,in,CARDINAL
cook,into,soap
run,for,money
close,to,desk
next,to,her
back,into,lips
feel,in,miles
war,of,spirit
children,with,place
worse,than,that
birthmark,on,foot
thing,about,parasites
time,in,life
smell,of,vinegar
distance,of,everything
set,in,windows
guy,about,training
pair,of,shoes
walking,after,group
DATE,of,success
pissing,with,blood
move,in,garden
got,on,mirror
looks,over,shoulder
give,of,numbers
dinner,like,this
combine,with,water
compete,for,attention
walk,at,night
side,of,personality
wake,at,ORG
wake,at,time
crowd,in,darkness
talking,to,you
monkey,with,mirror
room,in,steps
gets,under,light
do,against,man
pump,into,plumbing
is,from,fat
except,for,TIME
part,of,pile
add,into,movie
slip,in,stuff
list,of,things
met,before,marla
sit,with,catalogue
sat,in,office
watches,in,mirror
clear,of,body
both,of,us
fear,of,death
calls,by,name
comer,of,screen
was,on,hands
team,of,monkeys
went,through,cheek
smell,like,meal
downstairs,to,basement
gone,to,union
license,with,name
paintings,on,walls
out,of,nose
use,at,groups
woke,at,desk
rented,in,name
come,in,DATE
copy,of,copy
DATE,of,DATE
standing,in,kitchen
fought,with,guy
was,on,license
say,to,manager
working,for,chain
was,about,money
stand,in,front
ask,about,tyler
ate,in,restaurants
all,in,pairs
scattered,with,stuff
open,for,me
making,on,sand
tallow,in,fridge
falls,near,GPE
look,at,it
consultants,from,ORG
walk,on,street
stop,in,front
events,for,DATE
says,into,mirror
walks,through,door
bruises,around,eyes
wall,behind,him
look,like,men
front,of,shirt
president,of,union
MONEY,in,wallet
came,with,buttons
thing,in,life
back,to,home
lot,of,things
from,behind,door
guy,on,night
run,with,eye
garage,for,club
ORG,of,ORG
worked,after,DATE
has,in,theaters
go,in,house
hands,around,feet
pay,for,waste
color,of,eyes
kiss,on,back
told,about,therapy
working,in,garden
beeping,around,you
saying,to,everybody
was,at,home
says,at,ORG
connection,in,GPE
call,at,FAC
smoking,on,deathbed
work,in,evening
work,in,shifts
miracle,of,death
basement,of,bar
neither,of,us
drove,into,fountain
go,to,bathroom
home,from,shift
fill,with,gasoline
nodes,near,lump
done,to,mother
review,in,DATE
hunt,in,forest
out,of,hand
living,with,tyler
names,of,cities
sheet,of,paper
want,after,that
do,with,stuff
loyalty,to,PERSON
send,without,warning
works,in,center
time,of,day
knows,about,birthmark
TIME,of,perfection
edge,of,roof
bums,with,everyone
hunt,around,ruins
crust,of,cheese
late,at,night
meditate,to,palace
thought,at,time
begins,as,melts
everything,about,PERSON
each,of,guests
cost,of,recall
ORG,in,GPE
out,of,package
sitting,to,PERSON
looking,at,face
out,of,window
pay,for,it
rule,about,club
stand,in,light
watches,at,night
turn,under,pan
puts,around,me
grains,on,beach
seats,for,things
wake,as,person
magic,of,travel
asked,for,recall
out,of,world
turns,into,kitchen
out,of,box
full,of,guys
is,at,house
have,in,death
are,because,something
telephone,in,heaven
right,to,nose
looking,in,mirror
moment,of,fife
going,around,basement
kind,of,meditation
feels,in,dark
there,among,trash
bruise,on,forehead
turn,to,consultants
happens,for,while
call,from,heaven
reading,to,group
see,at,club
be,like,me
painted,on,FAC
tie,at,TIME
known,for,DATE
started,in,town
are,in,club
job,as,waiter
treat,like,dirt
chest,between,tits
walk,in,club
mechanic,behind,wheel
see,from,bus
crying,with,PERSON
home,from,work
started,about,years
flying,in,air
work,because,nature
met,in,lot
talk,in,vowels
watch,with,papers
go,into,apartment
are,at,club
time,for,contact
were,in,room
evacuate,in,one
called,for,talk
back,into,hallway
think,as,retirement
back,into,reels
items,for,burial
moment,of,landing
talk,about,outside
rid,of,him
man,on,street
happens,at,club
says,to,me
blood,on,pants
watching,in,lobby
go,in,part
added,into,everything
hang,at,home
thrown,against,door
everything,about,you
wake,in,place
part,of,house
opens,on,floor
falling,on,museum
standing,in,darkness
crowd,on,street
looking,at,people
prepare,in,TIME
scar,on,hand
look,in,mirror
talk,to,marla
moved,with,tyler
left,in,machine
back,in,room
working,at,mortuary
back,to,school
live,on,salmon
sort,of,death
walk,through,night
finish,at,mini
going,to,groups
tie,to,bed
breaking,to,possessions
front,of,bus
some,of,bugs
waited,around,comer
get,for,it
am,to,everybody
TIME,in,TIME
is,at,end
go,in,basement
learn,before,end
woke,on,beach
came,to,club
world,of,history
CARDINAL,of,people
crying,for,DATE
melted,for,tallow
on,at,ORG
slid,through,tunnels
pack,for,trip
went,to,work
walk,into,night
CARDINAL,of,parties
looking,at,us
miles,between,stars
look,at,guy
see,with,names
watched,from,side
filled,with,strangers
explained,about,suitcase
calling,about,explosion
from,under,nose
knew,as,durden
be,at,work
end,of,road
guys,to,fight
one,of,doctors
everything,in,world
gone,on,vacation
put,on,shoulder
whispering,into,ear
had,in,bag
more,than,bum
standing,under,light
part,of,life
trip,to,bathroom
yell,at,guy
away,from,guys
frame,of,pornography
falls,at,QUANTITY
TIME,before,last
middle,of,basement
locks,to,g
walk,around,crowd
met,by,accident
been,in,fight
mix,with,sawdust
TIME,of,TIME
lying,on,mattress
fat,in,world
go,for,parasites
sat,like,ORG
hunting,in,forest
war,in,generation
got,after,club
shoot,in,back
standing,at,desk
was,on,assignment
cities,like,GPE
woman,at,ORG
ignored,for,DATE
spends,in,world
hear,behind,me
have,without,pain
sleeping,in,DATE
teams,of,monkeys
drinking,at,pub
statements,from,people
think,as,extinction
holds,above,kiss
playing,on,time
take,in,TIME
everybody,in,room
was,beside,him
keep,in,house
back,to,me
sent,to,marla
crime,against,humanity
know,about,himself
